Email,Password,FirstName,LastName,Department,Team,UserID
gabriela.arlt.mail@gmail.com,gabriela.arlt.mail4506,Gabriela,Arlt,A,Alpha,10001
janina.grauel1@gmail.com,janina.grauel11854,Janina,Grauel,A,Alpha,10002
jbutt@gmail.com,jbutt8073,James,Butt,A,Alpha,10003
josephine_darakjy@darakjy.org,josephine_darakjy8441,Josephine,Darakjy,A,Alpha,10004
art@venere.org,art6547,Art,Venere,A,Alpha,10005
lpaprocki@hotmail.com,lpaprocki2846,Lenna,Paprocki,A,Alpha,10006
donette.foller@cox.net,donette.foller2996,Donette,Foller,A,Alpha,10007
simona@morasca.com,simona3094,Simona,Morasca,A,Alpha,10008
mitsue_tollner@yahoo.com,mitsue_tollner1699,Mitsue,Tollner,A,Alpha,10009
leota@hotmail.com,leota7309,Leota,Dilliard,A,Alpha,10010
sage_wieser@cox.net,sage_wieser6031,Sage,Wieser,A,Alpha,10011
kris@gmail.com,kris4382,Kris,Marrier,A,Alpha,10012
minna_amigon@yahoo.com,minna_amigon1620,Minna,Amigon,A,Alpha,10013
amaclead@gmail.com,amaclead6259,Abel,Maclead,A,Alpha,10014
kiley.caldarera@aol.com,kiley.caldarera1511,Kiley,Caldarera,A,Alpha,10015
gruta@cox.net,gruta9779,Graciela,Ruta,A,Alpha,10016
calbares@gmail.com,calbares3720,Cammy,Albares,A,Alpha,10017
mattie@aol.com,mattie4203,Mattie,Poquette,A,Alpha,10018
meaghan@hotmail.com,meaghan5377,Meaghan,Garufi,A,Alpha,10019
gladys.rim@rim.org,gladys.rim1727,Gladys,Rim,A,Alpha,10020
yuki_whobrey@aol.com,yuki_whobrey7197,Yuki,Whobrey,A,Alpha,10021
fletcher.flosi@yahoo.com,fletcher.flosi1965,Fletcher,Flosi,A,Alpha,10022
bette_nicka@cox.net,bette_nicka7384,Bette,Nicka,A,Alpha,10023
vinouye@aol.com,vinouye3976,Veronika,Inouye,A,Alpha,10024
willard@hotmail.com,willard5466,Willard,Kolmetz,A,Alpha,10025
mroyster@royster.com,mroyster4299,Maryann,Royster,A,Alpha,10026
alisha@slusarski.com,alisha9135,Alisha,Slusarski,A,Alpha,10027
allene_iturbide@cox.net,allene_iturbide4205,Allene,Iturbide,A,Alpha,10028
chanel.caudy@caudy.org,chanel.caudy3570,Chanel,Caudy,A,Alpha,10029
ezekiel@chui.com,ezekiel4276,Ezekiel,Chui,A,Alpha,10030
wkusko@yahoo.com,wkusko3195,Willow,Kusko,A,Alpha,10031
bfigeroa@aol.com,bfigeroa4242,Bernardo,Figeroa,A,Alpha,10032
ammie@corrio.com,ammie3544,Ammie,Corrio,A,Alpha,10033
francine_vocelka@vocelka.com,francine_vocelka8842,Francine,Vocelka,A,Beta,10034
ernie_stenseth@aol.com,ernie_stenseth2127,Ernie,Stenseth,A,Beta,10035
albina@glick.com,albina1342,Albina,Glick,A,Beta,10036
asergi@gmail.com,asergi4639,Alishia,Sergi,A,Beta,10037
solange@shinko.com,solange8210,Solange,Shinko,A,Beta,10038
jose@yahoo.com,jose1797,Jose,Stockham,A,Beta,10039
rozella.ostrosky@ostrosky.com,rozella.ostrosky2519,Rozella,Ostrosky,A,Beta,10040
valentine_gillian@gmail.com,valentine_gillian9770,Valentine,Gillian,A,Beta,10041
kati.rulapaugh@hotmail.com,kati.rulapaugh3684,Kati,Rulapaugh,A,Beta,10042
youlanda@aol.com,youlanda4969,Youlanda,Schemmer,A,Beta,10043
doldroyd@aol.com,doldroyd4669,Dyan,Oldroyd,A,Beta,10044
roxane@hotmail.com,roxane3547,Roxane,Campain,A,Beta,10045
lperin@perin.org,lperin2377,Lavera,Perin,A,Beta,10046
erick.ferencz@aol.com,erick.ferencz2774,Erick,Ferencz,A,Beta,10047
fsaylors@saylors.org,fsaylors1265,Fatima,Saylors,A,Beta,10048
jina_briddick@briddick.com,jina_briddick5785,Jina,Briddick,A,Beta,10049
kanisha_waycott@yahoo.com,kanisha_waycott9764,Kanisha,Waycott,A,Beta,10050
emerson.bowley@bowley.org,emerson.bowley4367,Emerson,Bowley,A,Beta,10051
bmalet@yahoo.com,bmalet6757,Blair,Malet,A,Beta,10052
bbolognia@yahoo.com,bbolognia4418,Brock,Bolognia,A,Beta,10053
lnestle@hotmail.com,lnestle7425,Lorrie,Nestle,A,Beta,10054
sabra@uyetake.org,sabra8729,Sabra,Uyetake,A,Beta,10055
mmastella@mastella.com,mmastella2398,Marjory,Mastella,A,Beta,10056
karl_klonowski@yahoo.com,karl_klonowski3354,Karl,Klonowski,A,Beta,10057
twenner@aol.com,twenner8421,Tonette,Wenner,A,Beta,10058
amber_monarrez@monarrez.org,amber_monarrez1335,Amber,Monarrez,A,Beta,10059
shenika@gmail.com,shenika7113,Shenika,Seewald,A,Beta,10060
delmy.ahle@hotmail.com,delmy.ahle8918,Delmy,Ahle,A,Beta,10061
deeanna_juhas@gmail.com,deeanna_juhas5650,Deeanna,Juhas,A,Beta,10062
bpugh@aol.com,bpugh2151,Blondell,Pugh,A,Beta,10063
jamal@vanausdal.org,jamal3218,Jamal,Vanausdal,A,Beta,10064
cecily@hollack.org,cecily8163,Cecily,Hollack,A,Beta,10065
carmelina_lindall@lindall.com,carmelina_lindall4263,Carmelina,Lindall,A,Beta,10066
maurine_yglesias@yglesias.com,maurine_yglesias7214,Maurine,Yglesias,A,Gamma,10067
tawna@gmail.com,tawna8223,Tawna,Buvens,A,Gamma,10068
penney_weight@aol.com,penney_weight8552,Penney,Weight,A,Gamma,10069
elly_morocco@gmail.com,elly_morocco7614,Elly,Morocco,A,Gamma,10070
ilene.eroman@hotmail.com,ilene.eroman1873,Ilene,Eroman,A,Gamma,10071
vmondella@mondella.com,vmondella2712,Vallie,Mondella,A,Gamma,10072
kallie.blackwood@gmail.com,kallie.blackwood2168,Kallie,Blackwood,A,Gamma,10073
johnetta_abdallah@aol.com,johnetta_abdallah4558,Johnetta,Abdallah,A,Gamma,10074
brhym@rhym.com,brhym8625,Bobbye,Rhym,A,Gamma,10075
micaela_rhymes@gmail.com,micaela_rhymes4290,Micaela,Rhymes,A,Gamma,10076
tamar@hotmail.com,tamar8907,Tamar,Hoogland,A,Gamma,10077
moon@yahoo.com,moon8865,Moon,Parlato,A,Gamma,10078
laurel_reitler@reitler.com,laurel_reitler5360,Laurel,Reitler,A,Gamma,10079
delisa.crupi@crupi.com,delisa.crupi5906,Delisa,Crupi,A,Gamma,10080
viva.toelkes@gmail.com,viva.toelkes7841,Viva,Toelkes,A,Gamma,10081
elza@yahoo.com,elza2379,Elza,Lipke,A,Gamma,10082
devorah@hotmail.com,devorah5732,Devorah,Chickering,A,Gamma,10083
timothy_mulqueen@mulqueen.org,timothy_mulqueen5422,Timothy,Mulqueen,A,Gamma,10084
ahoneywell@honeywell.com,ahoneywell6275,Arlette,Honeywell,A,Gamma,10085
dominque.dickerson@dickerson.org,dominque.dickerson6125,Dominque,Dickerson,A,Gamma,10086
lettie_isenhower@yahoo.com,lettie_isenhower3351,Lettie,Isenhower,A,Gamma,10087
mmunns@cox.net,mmunns7165,Myra,Munns,A,Gamma,10088
stephaine@barfield.com,stephaine2842,Stephaine,Barfield,A,Gamma,10089
lai.gato@gato.org,lai.gato7963,Lai,Gato,A,Gamma,10090
stephen_emigh@hotmail.com,stephen_emigh5437,Stephen,Emigh,A,Gamma,10091
tshields@gmail.com,tshields7342,Tyra,Shields,A,Gamma,10092
twardrip@cox.net,twardrip1347,Tammara,Wardrip,A,Gamma,10093
cory.gibes@gmail.com,cory.gibes1510,Cory,Gibes,A,Gamma,10094
danica_bruschke@gmail.com,danica_bruschke3591,Danica,Bruschke,A,Gamma,10095
wilda@cox.net,wilda7621,Wilda,Giguere,A,Gamma,10096
elvera.benimadho@cox.net,elvera.benimadho4975,Elvera,Benimadho,A,Gamma,10097
carma@cox.net,carma4026,Carma,Vanheusen,A,Gamma,10098
malinda.hochard@yahoo.com,malinda.hochard6405,Malinda,Hochard,A,Delta,10099
natalie.fern@hotmail.com,natalie.fern7877,Natalie,Fern,A,Delta,10100
lisha@centini.org,lisha1925,Lisha,Centini,A,Delta,10101
arlene_klusman@gmail.com,arlene_klusman6665,Arlene,Klusman,A,Delta,10102
alease@buemi.com,alease2665,Alease,Buemi,A,Delta,10103
louisa@cronauer.com,louisa7111,Louisa,Cronauer,A,Delta,10104
angella.cetta@hotmail.com,angella.cetta1452,Angella,Cetta,A,Delta,10105
cgoldammer@cox.net,cgoldammer8982,Cyndy,Goldammer,A,Delta,10106
rosio.cork@gmail.com,rosio.cork6027,Rosio,Cork,A,Delta,10107
ckorando@hotmail.com,ckorando2772,Celeste,Korando,A,Delta,10108
twana.felger@felger.org,twana.felger4838,Twana,Felger,A,Delta,10109
estrella@aol.com,estrella6892,Estrella,Samu,A,Delta,10110
dkines@hotmail.com,dkines9189,Donte,Kines,A,Delta,10111
tiffiny_steffensmeier@cox.net,tiffiny_steffensmeier3316,Tiffiny,Steffensmeier,A,Delta,10112
emiceli@miceli.org,emiceli1814,Edna,Miceli,A,Delta,10113
sue@aol.com,sue2315,Sue,Kownacki,A,Delta,10114
jshin@shin.com,jshin7709,Jesusa,Shin,A,Delta,10115
rolland@cox.net,rolland3617,Rolland,Francescon,A,Delta,10116
pamella.schmierer@schmierer.org,pamella.schmierer3503,Pamella,Schmierer,A,Delta,10117
gkulzer@kulzer.org,gkulzer9618,Glory,Kulzer,A,Delta,10118
shawna_palaspas@palaspas.org,shawna_palaspas7862,Shawna,Palaspas,A,Delta,10119
brandon_callaro@hotmail.com,brandon_callaro5984,Brandon,Callaro,A,Delta,10120
scarlet.cartan@yahoo.com,scarlet.cartan1065,Scarlet,Cartan,A,Delta,10121
oretha_menter@yahoo.com,oretha_menter8550,Oretha,Menter,A,Delta,10122
tsmith@aol.com,tsmith9121,Ty,Smith,A,Delta,10123
xuan@gmail.com,xuan5917,Xuan,Rochin,A,Delta,10124
lindsey.dilello@hotmail.com,lindsey.dilello6826,Lindsey,Dilello,A,Delta,10125
devora_perez@perez.org,devora_perez6812,Devora,Perez,A,Delta,10126
hdemesa@cox.net,hdemesa8124,Herman,Demesa,A,Delta,10127
rpapasergi@cox.net,rpapasergi4415,Rory,Papasergi,A,Delta,10128
talia_riopelle@aol.com,talia_riopelle1823,Talia,Riopelle,A,Delta,10129
van.shire@shire.com,van.shire8569,Van,Shire,A,Delta,10130
lucina_lary@cox.net,lucina_lary8274,Lucina,Lary,B,Bravo,20001
bok.isaacs@aol.com,bok.isaacs8591,Bok,Isaacs,B,Bravo,20002
rolande.spickerman@spickerman.com,rolande.spickerman3385,Rolande,Spickerman,B,Bravo,20003
hpaulas@gmail.com,hpaulas7187,Howard,Paulas,B,Bravo,20004
kimbery_madarang@cox.net,kimbery_madarang8438,Kimbery,Madarang,B,Bravo,20005
thurman.manno@yahoo.com,thurman.manno8609,Thurman,Manno,B,Bravo,20006
becky.mirafuentes@mirafuentes.com,becky.mirafuentes3577,Becky,Mirafuentes,B,Bravo,20007
beatriz@yahoo.com,beatriz6232,Beatriz,Corrington,B,Bravo,20008
marti.maybury@yahoo.com,marti.maybury3565,Marti,Maybury,B,Bravo,20009
nieves_gotter@gmail.com,nieves_gotter8436,Nieves,Gotter,B,Bravo,20010
lhagele@cox.net,lhagele5080,Leatha,Hagele,B,Echo,20011
vklimek@klimek.org,vklimek8295,Valentin,Klimek,B,Echo,20012
melissa@cox.net,melissa6437,Melissa,Wiklund,B,Echo,20013
sheridan.zane@zane.com,sheridan.zane7744,Sheridan,Zane,B,Echo,20014
bulah_padilla@hotmail.com,bulah_padilla4347,Bulah,Padilla,B,Echo,20015
audra@kohnert.com,audra4526,Audra,Kohnert,B,Echo,20016
dweirather@aol.com,dweirather2156,Daren,Weirather,B,Echo,20017
fjillson@aol.com,fjillson3340,Fernanda,Jillson,B,Echo,20018
gearldine_gellinger@gellinger.com,gearldine_gellinger9698,Gearldine,Gellinger,B,Echo,20019
chau@gmail.com,chau5851,Chau,Kitzman,B,Echo,20020
theola_frey@frey.com,theola_frey7450,Theola,Frey,C,Charlie,30001
cheryl@haroldson.org,cheryl6885,Cheryl,Haroldson,C,Charlie,30002
lmerced@gmail.com,lmerced8326,Laticia,Merced,C,Charlie,30003
carissa.batman@yahoo.com,carissa.batman7719,Carissa,Batman,C,Charlie,30004
lezlie.craghead@craghead.org,lezlie.craghead8330,Lezlie,Craghead,C,Charlie,30005
oshealy@hotmail.com,oshealy4288,Ozell,Shealy,C,Charlie,30006
arminda@parvis.com,arminda3085,Arminda,Parvis,C,Charlie,30007
reita.leto@gmail.com,reita.leto4895,Reita,Leto,C,Charlie,30008
yolando@cox.net,yolando4154,Yolando,Luczki,C,Charlie,30009
lizette.stem@aol.com,lizette.stem8098,Lizette,Stem,C,Charlie,30010
gpawlowicz@yahoo.com,gpawlowicz8311,Gregoria,Pawlowicz,D,Delta,40001
cdeleo@deleo.com,cdeleo6238,Carin,Deleo,D,Delta,40002
chantell@yahoo.com,chantell1694,Chantell,Maynerich,D,Delta,40003
dyum@yahoo.com,dyum4422,Dierdre,Yum,D,Delta,40004
larae_gudroe@gmail.com,larae_gudroe6856,Larae,Gudroe,D,Delta,40005
latrice.tolfree@hotmail.com,latrice.tolfree8635,Latrice,Tolfree,D,Delta,40006
kerry.theodorov@gmail.com,kerry.theodorov1359,Kerry,Theodorov,D,Delta,40007
dhidvegi@yahoo.com,dhidvegi2357,Dorthy,Hidvegi,D,Delta,40008
fannie.lungren@yahoo.com,fannie.lungren3998,Fannie,Lungren,D,Delta,40009
evangelina@aol.com,evangelina2251,Evangelina,Radde,D,Delta,40010
novella_degroot@degroot.org,novella_degroot7357,Novella,Degroot,D,Echo,40011
choa@hoa.org,choa8727,Clay,Hoa,D,Echo,40012
jfallick@yahoo.com,jfallick8849,Jennifer,Fallick,D,Echo,40013
irma.wolfgramm@hotmail.com,irma.wolfgramm8062,Irma,Wolfgramm,D,Echo,40014
eun@yahoo.com,eun9178,Eun,Coody,D,Echo,40015
sylvia_cousey@cousey.org,sylvia_cousey4935,Sylvia,Cousey,D,Echo,40016
nana@aol.com,nana2451,Nana,Wrinkles,D,Echo,40017
layla.springe@cox.net,layla.springe1159,Layla,Springe,D,Echo,40018
joesph_degonia@degonia.org,joesph_degonia2472,Joesph,Degonia,D,Echo,40019
annabelle.boord@cox.net,annabelle.boord5089,Annabelle,Boord,D,Echo,40020
stephaine@cox.net,stephaine2755,Stephaine,Vinning,E,Foxtrot,50001
nelida@gmail.com,nelida6702,Nelida,Sawchuk,E,Foxtrot,50002
marguerita.hiatt@gmail.com,marguerita.hiatt2090,Marguerita,Hiatt,E,Foxtrot,50003
ccookey@cookey.org,ccookey7156,Carmela,Cookey,E,Foxtrot,50004
jbrideau@aol.com,jbrideau3315,Junita,Brideau,E,Foxtrot,50005
claribel_varriano@cox.net,claribel_varriano4494,Claribel,Varriano,E,Foxtrot,50006
benton.skursky@aol.com,benton.skursky8757,Benton,Skursky,E,Foxtrot,50007
hillary.skulski@aol.com,hillary.skulski2793,Hillary,Skulski,E,Foxtrot,50008
merilyn_bayless@cox.net,merilyn_bayless5613,Merilyn,Bayless,E,Foxtrot,50009
tennaco@gmail.com,tennaco9078,Teri,Ennaco,E,Foxtrot,50010
merlyn_lawler@hotmail.com,merlyn_lawler5647,Merlyn,Lawler,E,Golf,50011
gmontezuma@cox.net,gmontezuma7695,Georgene,Montezuma,E,Golf,50012
jmconnell@hotmail.com,jmconnell9586,Jettie,Mconnell,E,Golf,50013
lemuel.latzke@gmail.com,lemuel.latzke5923,Lemuel,Latzke,E,Golf,50014
mknipp@gmail.com,mknipp2882,Melodie,Knipp,E,Golf,50015
candida_corbley@hotmail.com,candida_corbley5722,Candida,Corbley,E,Golf,50016
karan_karpin@gmail.com,karan_karpin5126,Karan,Karpin,E,Golf,50017
andra@gmail.com,andra2758,Andra,Scheyer,E,Golf,50018